timestamp,sensor,value,unit,label,attack_type
2024-01-01 08:00:05,temperature,322.484,°C,normal,none
2024-01-01 08:00:05,pressure,150.0,PSI,attack,freeze
2024-01-01 08:00:05,flow_rate,245.182,L/min,normal,none
2024-01-01 08:00:05,voltage,456.914,V,attack,spike
2024-01-01 08:00:05,vibration,0.265,mm/s,attack,spike
2024-01-01 08:00:10,temperature,318.829,°C,normal,none
2024-01-01 08:00:10,pressure,154.738,PSI,normal,none
2024-01-01 08:00:10,flow_rate,246.139,L/min,normal,none
2024-01-01 08:00:10,voltage,478.122,V,normal,none
2024-01-01 08:00:10,vibration,0.527,mm/s,normal,none
2024-01-01 08:00:15,temperature,317.683,°C,normal,none
2024-01-01 08:00:15,pressure,148.603,PSI,normal,none
2024-01-01 08:00:15,flow_rate,241.936,L/min,normal,none
2024-01-01 08:00:15,voltage,472.347,V,normal,none
2024-01-01 08:00:15,vibration,0.414,mm/s,normal,none
2024-01-01 08:00:20,temperature,317.189,°C,normal,none
2024-01-01 08:00:20,pressure,146.962,PSI,normal,none
2024-01-01 08:00:20,flow_rate,242.514,L/min,normal,none
2024-01-01 08:00:20,voltage,476.368,V,normal,none
2024-01-01 08:00:20,vibration,0.5,mm/s,attack,freeze
2024-01-01 08:00:25,temperature,320.0,°C,attack,freeze
2024-01-01 08:00:25,pressure,149.323,PSI,normal,none
2024-01-01 08:00:25,flow_rate,240.54,L/min,normal,none
2024-01-01 08:00:25,voltage,474.301,V,normal,none
2024-01-01 08:00:25,vibration,0.473,mm/s,normal,none
2024-01-01 08:00:30,temperature,320.555,°C,normal,none
2024-01-01 08:00:30,pressure,146.547,PSI,normal,none
2024-01-01 08:00:30,flow_rate,243.006,L/min,normal,none
2024-01-01 08:00:30,voltage,477.597,V,normal,none
2024-01-01 08:00:30,vibration,0.485,mm/s,normal,none
2024-01-01 08:00:35,temperature,316.991,°C,normal,none
2024-01-01 08:00:35,pressure,155.557,PSI,normal,none
2024-01-01 08:00:35,flow_rate,239.892,L/min,normal,none
2024-01-01 08:00:35,voltage,507.823,V,attack,spike
2024-01-01 08:00:35,vibration,0.541,mm/s,normal,none
2024-01-01 08:00:40,temperature,313.896,°C,normal,none
2024-01-01 08:00:40,pressure,150.627,PSI,normal,none
2024-01-01 08:00:40,flow_rate,224.323,L/min,normal,none
2024-01-01 08:00:40,voltage,474.687,V,normal,none
2024-01-01 08:00:40,vibration,0.51,mm/s,normal,none
2024-01-01 08:00:45,temperature,323.692,°C,normal,none
2024-01-01 08:00:45,pressure,150.514,PSI,normal,none
2024-01-01 08:00:45,flow_rate,239.075,L/min,normal,none
2024-01-01 08:00:45,voltage,478.796,V,normal,none
2024-01-01 08:00:45,vibration,0.617,mm/s,attack,gradual_drift
2024-01-01 08:00:50,temperature,316.401,°C,normal,none
2024-01-01 08:00:50,pressure,148.618,PSI,normal,none
2024-01-01 08:00:50,flow_rate,248.457,L/min,normal,none
2024-01-01 08:00:50,voltage,481.374,V,normal,none
2024-01-01 08:00:50,vibration,0.412,mm/s,normal,none
2024-01-01 08:00:55,temperature,321.62,°C,normal,none
2024-01-01 08:00:55,pressure,148.845,PSI,normal,none
2024-01-01 08:00:55,flow_rate,234.585,L/min,normal,none
2024-01-01 08:00:55,voltage,482.447,V,normal,none
2024-01-01 08:00:55,vibration,0.552,mm/s,normal,none
2024-01-01 08:01:00,temperature,320.0,°C,attack,freeze
2024-01-01 08:01:00,pressure,147.482,PSI,normal,none
2024-01-01 08:01:00,flow_rate,270.022,L/min,attack,gradual_drift
2024-01-01 08:01:00,voltage,481.325,V,normal,none
2024-01-01 08:01:00,vibration,0.549,mm/s,normal,none
2024-01-01 08:01:05,temperature,317.604,°C,normal,none
2024-01-01 08:01:05,pressure,149.443,PSI,normal,none
2024-01-01 08:01:05,flow_rate,231.149,L/min,normal,none
2024-01-01 08:01:05,voltage,475.215,V,normal,none
2024-01-01 08:01:05,vibration,0.541,mm/s,normal,none
2024-01-01 08:01:10,temperature,326.781,°C,normal,none
2024-01-01 08:01:10,pressure,149.784,PSI,normal,none
2024-01-01 08:01:10,flow_rate,248.028,L/min,normal,none
2024-01-01 08:01:10,voltage,481.447,V,normal,none
2024-01-01 08:01:10,vibration,0.468,mm/s,normal,none
2024-01-01 08:01:15,temperature,321.807,°C,normal,none
2024-01-01 08:01:15,pressure,154.614,PSI,normal,none
2024-01-01 08:01:15,flow_rate,239.713,L/min,normal,none
2024-01-01 08:01:15,voltage,462.166,V,attack,spike
2024-01-01 08:01:15,vibration,0.369,mm/s,normal,none
2024-01-01 08:01:20,temperature,324.11,°C,normal,none
2024-01-01 08:01:20,pressure,150.261,PSI,normal,none
2024-01-01 08:01:20,flow_rate,237.608,L/min,normal,none
2024-01-01 08:01:20,voltage,480.367,V,normal,none
2024-01-01 08:01:20,vibration,0.401,mm/s,normal,none
2024-01-01 08:01:25,temperature,318.902,°C,normal,none
2024-01-01 08:01:25,pressure,151.071,PSI,normal,none
2024-01-01 08:01:25,flow_rate,251.823,L/min,normal,none
2024-01-01 08:01:25,voltage,477.927,V,normal,none
2024-01-01 08:01:25,vibration,0.675,mm/s,attack,gradual_drift
2024-01-01 08:01:30,temperature,317.491,°C,normal,none
2024-01-01 08:01:30,pressure,152.746,PSI,normal,none
2024-01-01 08:01:30,flow_rate,242.63,L/min,normal,none
2024-01-01 08:01:30,voltage,477.881,V,normal,none
2024-01-01 08:01:30,vibration,0.688,mm/s,attack,gradual_drift
2024-01-01 08:01:35,temperature,320.485,°C,normal,none
2024-01-01 08:01:35,pressure,152.906,PSI,normal,none
2024-01-01 08:01:35,flow_rate,234.384,L/min,normal,none
2024-01-01 08:01:35,voltage,478.689,V,normal,none
2024-01-01 08:01:35,vibration,0.48,mm/s,normal,none
2024-01-01 08:01:40,temperature,312.682,°C,normal,none
2024-01-01 08:01:40,pressure,150.888,PSI,normal,none
2024-01-01 08:01:40,flow_rate,242.088,L/min,normal,none
2024-01-01 08:01:40,voltage,480.02,V,normal,none
2024-01-01 08:01:40,vibration,0.488,mm/s,normal,none
2024-01-01 08:01:45,temperature,312.923,°C,normal,none
2024-01-01 08:01:45,pressure,148.738,PSI,normal,none
2024-01-01 08:01:45,flow_rate,237.258,L/min,normal,none
2024-01-01 08:01:45,voltage,480.0,V,attack,freeze
2024-01-01 08:01:45,vibration,0.492,mm/s,normal,none
2024-01-01 08:01:50,temperature,320.0,°C,attack,freeze
2024-01-01 08:01:50,pressure,155.659,PSI,normal,none
2024-01-01 08:01:50,flow_rate,241.397,L/min,normal,none
2024-01-01 08:01:50,voltage,481.03,V,normal,none
2024-01-01 08:01:50,vibration,0.695,mm/s,attack,gradual_drift
2024-01-01 08:01:55,temperature,320.0,°C,attack,freeze
2024-01-01 08:01:55,pressure,149.92,PSI,normal,none
2024-01-01 08:01:55,flow_rate,240.482,L/min,normal,none
2024-01-01 08:01:55,voltage,489.853,V,normal,none
2024-01-01 08:01:55,vibration,0.648,mm/s,attack,gradual_drift
2024-01-01 08:02:00,temperature,321.508,°C,normal,none
2024-01-01 08:02:00,pressure,149.896,PSI,normal,none
2024-01-01 08:02:00,flow_rate,230.651,L/min,normal,none
2024-01-01 08:02:00,voltage,484.571,V,normal,none
2024-01-01 08:02:00,vibration,0.538,mm/s,normal,none
2024-01-01 08:02:05,temperature,323.955,°C,normal,none
2024-01-01 08:02:05,pressure,147.272,PSI,normal,none
2024-01-01 08:02:05,flow_rate,251.222,L/min,normal,none
2024-01-01 08:02:05,voltage,474.393,V,normal,none
2024-01-01 08:02:05,vibration,0.529,mm/s,normal,none
2024-01-01 08:02:10,temperature,330.952,°C,normal,none
2024-01-01 08:02:10,pressure,147.028,PSI,normal,none
2024-01-01 08:02:10,flow_rate,235.47,L/min,normal,none
2024-01-01 08:02:10,voltage,459.943,V,attack,spike
2024-01-01 08:02:10,vibration,0.475,mm/s,normal,none
2024-01-01 08:02:15,temperature,312.247,°C,normal,none
2024-01-01 08:02:15,pressure,150.206,PSI,normal,none
2024-01-01 08:02:15,flow_rate,256.942,L/min,attack,gradual_drift
2024-01-01 08:02:15,voltage,496.85,V,attack,spike
2024-01-01 08:02:15,vibration,0.454,mm/s,normal,none
2024-01-01 08:02:20,temperature,327.75,°C,normal,none
2024-01-01 08:02:20,pressure,147.65,PSI,normal,none
2024-01-01 08:02:20,flow_rate,265.219,L/min,attack,gradual_drift
2024-01-01 08:02:20,voltage,483.254,V,normal,none
2024-01-01 08:02:20,vibration,0.438,mm/s,normal,none
2024-01-01 08:02:25,temperature,321.137,°C,normal,none
2024-01-01 08:02:25,pressure,158.586,PSI,attack,gradual_drift
2024-01-01 08:02:25,flow_rate,227.14,L/min,normal,none
2024-01-01 08:02:25,voltage,480.739,V,normal,none
2024-01-01 08:02:25,vibration,0.513,mm/s,normal,none
2024-01-01 08:02:30,temperature,323.909,°C,normal,none
2024-01-01 08:02:30,pressure,146.289,PSI,normal,none
2024-01-01 08:02:30,flow_rate,240.0,L/min,attack,freeze
2024-01-01 08:02:30,voltage,482.088,V,normal,none
2024-01-01 08:02:30,vibration,0.515,mm/s,normal,none
2024-01-01 08:02:35,temperature,291.956,°C,attack,spike
2024-01-01 08:02:35,pressure,166.164,PSI,attack,spike
2024-01-01 08:02:35,flow_rate,234.56,L/min,normal,none
2024-01-01 08:02:35,voltage,488.783,V,attack,gradual_drift
2024-01-01 08:02:35,vibration,0.515,mm/s,normal,none
2024-01-01 08:02:40,temperature,316.428,°C,normal,none
2024-01-01 08:02:40,pressure,136.503,PSI,attack,spike
2024-01-01 08:02:40,flow_rate,243.791,L/min,normal,none
2024-01-01 08:02:40,voltage,475.235,V,normal,none
2024-01-01 08:02:40,vibration,0.533,mm/s,normal,none
2024-01-01 08:02:45,temperature,320.0,°C,attack,freeze
2024-01-01 08:02:45,pressure,150.0,PSI,attack,freeze
2024-01-01 08:02:45,flow_rate,249.269,L/min,normal,none
2024-01-01 08:02:45,voltage,476.717,V,normal,none
2024-01-01 08:02:45,vibration,0.548,mm/s,normal,none
2024-01-01 08:02:50,temperature,322.064,°C,normal,none
2024-01-01 08:02:50,pressure,152.466,PSI,normal,none
2024-01-01 08:02:50,flow_rate,255.174,L/min,normal,none
2024-01-01 08:02:50,voltage,479.018,V,normal,none
2024-01-01 08:02:50,vibration,0.462,mm/s,normal,none
2024-01-01 08:02:55,temperature,315.552,°C,normal,none
2024-01-01 08:02:55,pressure,147.553,PSI,normal,none
2024-01-01 08:02:55,flow_rate,239.383,L/min,normal,none
2024-01-01 08:02:55,voltage,481.365,V,normal,none
2024-01-01 08:02:55,vibration,0.514,mm/s,normal,none
2024-01-01 08:03:00,temperature,324.136,°C,normal,none
2024-01-01 08:03:00,pressure,158.861,PSI,attack,gradual_drift
2024-01-01 08:03:00,flow_rate,251.628,L/min,normal,none
2024-01-01 08:03:00,voltage,478.941,V,normal,none
2024-01-01 08:03:00,vibration,0.608,mm/s,attack,gradual_drift
2024-01-01 08:03:05,temperature,323.128,°C,normal,none
2024-01-01 08:03:05,pressure,147.429,PSI,normal,none
2024-01-01 08:03:05,flow_rate,231.433,L/min,normal,none
2024-01-01 08:03:05,voltage,481.93,V,normal,none
2024-01-01 08:03:05,vibration,0.625,mm/s,attack,gradual_drift
2024-01-01 08:03:10,temperature,323.57,°C,normal,none
2024-01-01 08:03:10,pressure,151.42,PSI,normal,none
2024-01-01 08:03:10,flow_rate,239.417,L/min,normal,none
2024-01-01 08:03:10,voltage,476.613,V,normal,none
2024-01-01 08:03:10,vibration,0.424,mm/s,normal,none
2024-01-01 08:03:15,temperature,317.767,°C,normal,none
2024-01-01 08:03:15,pressure,152.569,PSI,normal,none
2024-01-01 08:03:15,flow_rate,241.713,L/min,normal,none
2024-01-01 08:03:15,voltage,475.017,V,normal,none
2024-01-01 08:03:15,vibration,0.509,mm/s,normal,none
2024-01-01 08:03:20,temperature,321.927,°C,normal,none
2024-01-01 08:03:20,pressure,147.348,PSI,normal,none
2024-01-01 08:03:20,flow_rate,241.23,L/min,normal,none
2024-01-01 08:03:20,voltage,480.233,V,normal,none
2024-01-01 08:03:20,vibration,0.5,mm/s,attack,freeze
2024-01-01 08:03:25,temperature,321.789,°C,normal,none
2024-01-01 08:03:25,pressure,151.682,PSI,normal,none
2024-01-01 08:03:25,flow_rate,259.41,L/min,attack,gradual_drift
2024-01-01 08:03:25,voltage,484.215,V,normal,none
2024-01-01 08:03:25,vibration,0.431,mm/s,normal,none
2024-01-01 08:03:30,temperature,315.311,°C,normal,none
2024-01-01 08:03:30,pressure,151.545,PSI,normal,none
2024-01-01 08:03:30,flow_rate,244.11,L/min,normal,none
2024-01-01 08:03:30,voltage,482.06,V,normal,none
2024-01-01 08:03:30,vibration,0.693,mm/s,normal,none
2024-01-01 08:03:35,temperature,322.854,°C,normal,none
2024-01-01 08:03:35,pressure,153.407,PSI,normal,none
2024-01-01 08:03:35,flow_rate,247.632,L/min,normal,none
2024-01-01 08:03:35,voltage,482.606,V,normal,none
2024-01-01 08:03:35,vibration,0.63,mm/s,attack,gradual_drift
2024-01-01 08:03:40,temperature,323.795,°C,normal,none
2024-01-01 08:03:40,pressure,147.682,PSI,normal,none
2024-01-01 08:03:40,flow_rate,190.182,L/min,attack,spike
2024-01-01 08:03:40,voltage,478.059,V,normal,none
2024-01-01 08:03:40,vibration,0.504,mm/s,normal,none
2024-01-01 08:03:45,temperature,331.573,°C,normal,none
2024-01-01 08:03:45,pressure,144.398,PSI,normal,none
2024-01-01 08:03:45,flow_rate,245.49,L/min,normal,none
2024-01-01 08:03:45,voltage,473.549,V,normal,none
2024-01-01 08:03:45,vibration,0.476,mm/s,normal,none
2024-01-01 08:03:50,temperature,325.445,°C,normal,none
2024-01-01 08:03:50,pressure,150.193,PSI,normal,none
2024-01-01 08:03:50,flow_rate,262.777,L/min,attack,gradual_drift
2024-01-01 08:03:50,voltage,477.139,V,normal,none
2024-01-01 08:03:50,vibration,0.724,mm/s,attack,spike
2024-01-01 08:03:55,temperature,316.348,°C,normal,none
2024-01-01 08:03:55,pressure,150.649,PSI,normal,none
2024-01-01 08:03:55,flow_rate,240.365,L/min,normal,none
2024-01-01 08:03:55,voltage,495.231,V,attack,gradual_drift
2024-01-01 08:03:55,vibration,0.607,mm/s,normal,none
2024-01-01 08:04:00,temperature,323.17,°C,normal,none
2024-01-01 08:04:00,pressure,143.925,PSI,normal,none
2024-01-01 08:04:00,flow_rate,200.602,L/min,attack,spike
2024-01-01 08:04:00,voltage,477.353,V,normal,none
2024-01-01 08:04:00,vibration,0.543,mm/s,normal,none
2024-01-01 08:04:05,temperature,316.037,°C,normal,none
2024-01-01 08:04:05,pressure,149.656,PSI,normal,none
2024-01-01 08:04:05,flow_rate,244.04,L/min,normal,none
2024-01-01 08:04:05,voltage,483.463,V,normal,none
2024-01-01 08:04:05,vibration,0.688,mm/s,attack,gradual_drift
2024-01-01 08:04:10,temperature,318.327,°C,normal,none
2024-01-01 08:04:10,pressure,148.575,PSI,normal,none
2024-01-01 08:04:10,flow_rate,234.773,L/min,normal,none
2024-01-01 08:04:10,voltage,487.062,V,normal,none
2024-01-01 08:04:10,vibration,0.52,mm/s,normal,none
2024-01-01 08:04:15,temperature,313.696,°C,normal,none
2024-01-01 08:04:15,pressure,152.754,PSI,normal,none
2024-01-01 08:04:15,flow_rate,256.977,L/min,normal,none
2024-01-01 08:04:15,voltage,495.396,V,attack,gradual_drift
2024-01-01 08:04:15,vibration,0.424,mm/s,normal,none
2024-01-01 08:04:20,temperature,317.579,°C,normal,none
2024-01-01 08:04:20,pressure,153.801,PSI,normal,none
2024-01-01 08:04:20,flow_rate,234.339,L/min,normal,none
2024-01-01 08:04:20,voltage,481.775,V,normal,none
2024-01-01 08:04:20,vibration,0.539,mm/s,normal,none
2024-01-01 08:04:25,temperature,315.365,°C,normal,none
2024-01-01 08:04:25,pressure,149.821,PSI,normal,none
2024-01-01 08:04:25,flow_rate,240.0,L/min,attack,freeze
2024-01-01 08:04:25,voltage,475.902,V,normal,none
2024-01-01 08:04:25,vibration,0.487,mm/s,normal,none
2024-01-01 08:04:30,temperature,313.761,°C,normal,none
2024-01-01 08:04:30,pressure,154.897,PSI,normal,none
2024-01-01 08:04:30,flow_rate,228.559,L/min,normal,none
2024-01-01 08:04:30,voltage,478.24,V,normal,none
2024-01-01 08:04:30,vibration,0.749,mm/s,attack,spike
2024-01-01 08:04:35,temperature,327.206,°C,normal,none
2024-01-01 08:04:35,pressure,145.692,PSI,normal,none
2024-01-01 08:04:35,flow_rate,249.305,L/min,normal,none
2024-01-01 08:04:35,voltage,480.041,V,normal,none
2024-01-01 08:04:35,vibration,0.451,mm/s,normal,none
2024-01-01 08:04:40,temperature,322.311,°C,normal,none
2024-01-01 08:04:40,pressure,150.597,PSI,normal,none
2024-01-01 08:04:40,flow_rate,235.198,L/min,normal,none
2024-01-01 08:04:40,voltage,480.0,V,attack,freeze
2024-01-01 08:04:40,vibration,0.481,mm/s,normal,none
2024-01-01 08:04:45,temperature,320.568,°C,normal,none
2024-01-01 08:04:45,pressure,151.986,PSI,normal,none
2024-01-01 08:04:45,flow_rate,240.0,L/min,attack,freeze
2024-01-01 08:04:45,voltage,475.049,V,normal,none
2024-01-01 08:04:45,vibration,0.607,mm/s,normal,none
2024-01-01 08:04:50,temperature,310.24,°C,normal,none
2024-01-01 08:04:50,pressure,149.545,PSI,normal,none
2024-01-01 08:04:50,flow_rate,259.041,L/min,attack,gradual_drift
2024-01-01 08:04:50,voltage,480.0,V,attack,freeze
2024-01-01 08:04:50,vibration,0.669,mm/s,attack,gradual_drift
2024-01-01 08:04:55,temperature,318.959,°C,normal,none
2024-01-01 08:04:55,pressure,148.521,PSI,normal,none
2024-01-01 08:04:55,flow_rate,235.285,L/min,normal,none
2024-01-01 08:04:55,voltage,483.398,V,normal,none
2024-01-01 08:04:55,vibration,0.518,mm/s,normal,none
2024-01-01 08:05:00,temperature,316.535,°C,normal,none
2024-01-01 08:05:00,pressure,152.699,PSI,normal,none
2024-01-01 08:05:00,flow_rate,242.458,L/min,normal,none
2024-01-01 08:05:00,voltage,480.0,V,attack,freeze
2024-01-01 08:05:00,vibration,0.531,mm/s,normal,none
2024-01-01 08:05:05,temperature,315.855,°C,normal,none
2024-01-01 08:05:05,pressure,148.319,PSI,normal,none
2024-01-01 08:05:05,flow_rate,245.978,L/min,normal,none
2024-01-01 08:05:05,voltage,482.441,V,normal,none
2024-01-01 08:05:05,vibration,0.499,mm/s,normal,none
2024-01-01 08:05:10,temperature,320.587,°C,normal,none
2024-01-01 08:05:10,pressure,153.833,PSI,normal,none
2024-01-01 08:05:10,flow_rate,235.267,L/min,normal,none
2024-01-01 08:05:10,voltage,482.188,V,normal,none
2024-01-01 08:05:10,vibration,0.49,mm/s,normal,none
2024-01-01 08:05:15,temperature,318.912,°C,normal,none
2024-01-01 08:05:15,pressure,153.296,PSI,normal,none
2024-01-01 08:05:15,flow_rate,246.603,L/min,normal,none
2024-01-01 08:05:15,voltage,483.254,V,normal,none
2024-01-01 08:05:15,vibration,0.565,mm/s,normal,none
2024-01-01 08:05:20,temperature,320.105,°C,normal,none
2024-01-01 08:05:20,pressure,152.046,PSI,normal,none
2024-01-01 08:05:20,flow_rate,237.518,L/min,normal,none
2024-01-01 08:05:20,voltage,481.297,V,normal,none
2024-01-01 08:05:20,vibration,0.493,mm/s,normal,none
2024-01-01 08:05:25,temperature,320.485,°C,normal,none
2024-01-01 08:05:25,pressure,151.785,PSI,normal,none
2024-01-01 08:05:25,flow_rate,233.454,L/min,normal,none
2024-01-01 08:05:25,voltage,488.37,V,normal,none
2024-01-01 08:05:25,vibration,0.45,mm/s,normal,none
2024-01-01 08:05:30,temperature,313.929,°C,normal,none
2024-01-01 08:05:30,pressure,153.474,PSI,normal,none
2024-01-01 08:05:30,flow_rate,277.391,L/min,attack,spike
2024-01-01 08:05:30,voltage,482.496,V,normal,none
2024-01-01 08:05:30,vibration,0.792,mm/s,attack,spike
2024-01-01 08:05:35,temperature,319.939,°C,normal,none
2024-01-01 08:05:35,pressure,147.308,PSI,normal,none
2024-01-01 08:05:35,flow_rate,240.606,L/min,normal,none
2024-01-01 08:05:35,voltage,477.291,V,normal,none
2024-01-01 08:05:35,vibration,0.549,mm/s,normal,none
2024-01-01 08:05:40,temperature,319.265,°C,normal,none
2024-01-01 08:05:40,pressure,147.524,PSI,normal,none
2024-01-01 08:05:40,flow_rate,256.089,L/min,attack,gradual_drift
2024-01-01 08:05:40,voltage,481.652,V,normal,none
2024-01-01 08:05:40,vibration,0.472,mm/s,normal,none
2024-01-01 08:05:45,temperature,320.0,°C,attack,freeze
2024-01-01 08:05:45,pressure,150.731,PSI,normal,none
2024-01-01 08:05:45,flow_rate,241.96,L/min,normal,none
2024-01-01 08:05:45,voltage,477.972,V,normal,none
2024-01-01 08:05:45,vibration,0.476,mm/s,normal,none
2024-01-01 08:05:50,temperature,321.16,°C,normal,none
2024-01-01 08:05:50,pressure,145.656,PSI,normal,none
2024-01-01 08:05:50,flow_rate,288.022,L/min,attack,spike
2024-01-01 08:05:50,voltage,477.126,V,normal,none
2024-01-01 08:05:50,vibration,0.489,mm/s,normal,none
2024-01-01 08:05:55,temperature,321.555,°C,normal,none
2024-01-01 08:05:55,pressure,154.426,PSI,normal,none
2024-01-01 08:05:55,flow_rate,246.861,L/min,normal,none
2024-01-01 08:05:55,voltage,479.36,V,normal,none
2024-01-01 08:05:55,vibration,0.499,mm/s,normal,none
2024-01-01 08:06:00,temperature,314.987,°C,normal,none
2024-01-01 08:06:00,pressure,149.944,PSI,normal,none
2024-01-01 08:06:00,flow_rate,237.691,L/min,normal,none
2024-01-01 08:06:00,voltage,481.291,V,normal,none
2024-01-01 08:06:00,vibration,0.459,mm/s,normal,none
2024-01-01 08:06:05,temperature,322.597,°C,normal,none
2024-01-01 08:06:05,pressure,154.598,PSI,normal,none
2024-01-01 08:06:05,flow_rate,239.13,L/min,normal,none
2024-01-01 08:06:05,voltage,481.607,V,normal,none
2024-01-01 08:06:05,vibration,0.535,mm/s,normal,none
2024-01-01 08:06:10,temperature,317.994,°C,normal,none
2024-01-01 08:06:10,pressure,150.672,PSI,normal,none
2024-01-01 08:06:10,flow_rate,240.0,L/min,attack,freeze
2024-01-01 08:06:10,voltage,480.391,V,normal,none
2024-01-01 08:06:10,vibration,0.461,mm/s,normal,none
2024-01-01 08:06:15,temperature,320.123,°C,normal,none
2024-01-01 08:06:15,pressure,134.553,PSI,attack,spike
2024-01-01 08:06:15,flow_rate,251.609,L/min,normal,none
2024-01-01 08:06:15,voltage,483.837,V,normal,none
2024-01-01 08:06:15,vibration,0.608,mm/s,normal,none
2024-01-01 08:06:20,temperature,316.163,°C,normal,none
2024-01-01 08:06:20,pressure,152.617,PSI,normal,none
2024-01-01 08:06:20,flow_rate,240.0,L/min,attack,freeze
2024-01-01 08:06:20,voltage,488.759,V,normal,none
2024-01-01 08:06:20,vibration,0.46,mm/s,normal,none
2024-01-01 08:06:25,temperature,315.801,°C,normal,none
2024-01-01 08:06:25,pressure,158.282,PSI,attack,gradual_drift
2024-01-01 08:06:25,flow_rate,240.0,L/min,attack,freeze
2024-01-01 08:06:25,voltage,477.897,V,normal,none
2024-01-01 08:06:25,vibration,0.462,mm/s,normal,none
2024-01-01 08:06:30,temperature,320.752,°C,normal,none
2024-01-01 08:06:30,pressure,151.025,PSI,normal,none
2024-01-01 08:06:30,flow_rate,255.009,L/min,normal,none
2024-01-01 08:06:30,voltage,483.802,V,normal,none
2024-01-01 08:06:30,vibration,0.471,mm/s,normal,none
2024-01-01 08:06:35,temperature,315.508,°C,normal,none
2024-01-01 08:06:35,pressure,151.476,PSI,normal,none
2024-01-01 08:06:35,flow_rate,229.438,L/min,normal,none
2024-01-01 08:06:35,voltage,487.326,V,normal,none
2024-01-01 08:06:35,vibration,0.559,mm/s,normal,none
2024-01-01 08:06:40,temperature,317.654,°C,normal,none
2024-01-01 08:06:40,pressure,144.861,PSI,normal,none
2024-01-01 08:06:40,flow_rate,250.831,L/min,normal,none
2024-01-01 08:06:40,voltage,479.542,V,normal,none
2024-01-01 08:06:40,vibration,0.562,mm/s,normal,none
2024-01-01 08:06:45,temperature,312.028,°C,normal,none
2024-01-01 08:06:45,pressure,148.202,PSI,normal,none
2024-01-01 08:06:45,flow_rate,240.042,L/min,normal,none
2024-01-01 08:06:45,voltage,480.188,V,normal,none
2024-01-01 08:06:45,vibration,0.477,mm/s,normal,none
2024-01-01 08:06:50,temperature,320.0,°C,attack,freeze
2024-01-01 08:06:50,pressure,150.0,PSI,attack,freeze
2024-01-01 08:06:50,flow_rate,238.861,L/min,normal,none
2024-01-01 08:06:50,voltage,480.481,V,normal,none
2024-01-01 08:06:50,vibration,0.526,mm/s,normal,none
2024-01-01 08:06:55,temperature,323.558,°C,normal,none
2024-01-01 08:06:55,pressure,146.626,PSI,normal,none
2024-01-01 08:06:55,flow_rate,227.727,L/min,normal,none
2024-01-01 08:06:55,voltage,485.111,V,normal,none
2024-01-01 08:06:55,vibration,0.517,mm/s,normal,none
2024-01-01 08:07:00,temperature,316.258,°C,normal,none
2024-01-01 08:07:00,pressure,154.653,PSI,normal,none
2024-01-01 08:07:00,flow_rate,240.925,L/min,normal,none
2024-01-01 08:07:00,voltage,484.717,V,normal,none
2024-01-01 08:07:00,vibration,0.5,mm/s,attack,freeze
2024-01-01 08:07:05,temperature,330.304,°C,normal,none
2024-01-01 08:07:05,pressure,156.242,PSI,attack,gradual_drift
2024-01-01 08:07:05,flow_rate,187.859,L/min,attack,spike
2024-01-01 08:07:05,voltage,483.886,V,normal,none
2024-01-01 08:07:05,vibration,0.532,mm/s,normal,none
2024-01-01 08:07:10,temperature,326.843,°C,normal,none
2024-01-01 08:07:10,pressure,168.295,PSI,attack,spike
2024-01-01 08:07:10,flow_rate,245.488,L/min,normal,none
2024-01-01 08:07:10,voltage,484.234,V,normal,none
2024-01-01 08:07:10,vibration,0.412,mm/s,normal,none
2024-01-01 08:07:15,temperature,314.084,°C,normal,none
2024-01-01 08:07:15,pressure,162.973,PSI,attack,spike
2024-01-01 08:07:15,flow_rate,240.0,L/min,attack,freeze
2024-01-01 08:07:15,voltage,482.87,V,normal,none
2024-01-01 08:07:15,vibration,0.575,mm/s,normal,none
2024-01-01 08:07:20,temperature,320.37,°C,normal,none
2024-01-01 08:07:20,pressure,154.886,PSI,normal,none
2024-01-01 08:07:20,flow_rate,228.959,L/min,normal,none
2024-01-01 08:07:20,voltage,473.186,V,normal,none
2024-01-01 08:07:20,vibration,0.497,mm/s,normal,none
2024-01-01 08:07:25,temperature,321.92,°C,normal,none
2024-01-01 08:07:25,pressure,149.902,PSI,normal,none
2024-01-01 08:07:25,flow_rate,223.46,L/min,normal,none
2024-01-01 08:07:25,voltage,479.644,V,normal,none
2024-01-01 08:07:25,vibration,0.435,mm/s,normal,none
2024-01-01 08:07:30,temperature,323.348,°C,normal,none
2024-01-01 08:07:30,pressure,151.1,PSI,normal,none
2024-01-01 08:07:30,flow_rate,262.854,L/min,attack,gradual_drift
2024-01-01 08:07:30,voltage,477.945,V,normal,none
2024-01-01 08:07:30,vibration,0.447,mm/s,normal,none
2024-01-01 08:07:35,temperature,319.687,°C,normal,none
2024-01-01 08:07:35,pressure,152.865,PSI,normal,none
2024-01-01 08:07:35,flow_rate,232.114,L/min,normal,none
2024-01-01 08:07:35,voltage,480.0,V,attack,freeze
2024-01-01 08:07:35,vibration,0.473,mm/s,normal,none
2024-01-01 08:07:40,temperature,316.036,°C,normal,none
2024-01-01 08:07:40,pressure,149.679,PSI,normal,none
2024-01-01 08:07:40,flow_rate,231.718,L/min,normal,none
2024-01-01 08:07:40,voltage,477.785,V,normal,none
2024-01-01 08:07:40,vibration,0.44,mm/s,normal,none
2024-01-01 08:07:45,temperature,329.824,°C,normal,none
2024-01-01 08:07:45,pressure,150.106,PSI,normal,none
2024-01-01 08:07:45,flow_rate,234.402,L/min,normal,none
2024-01-01 08:07:45,voltage,480.856,V,normal,none
2024-01-01 08:07:45,vibration,0.494,mm/s,normal,none
2024-01-01 08:07:50,temperature,318.895,°C,normal,none
2024-01-01 08:07:50,pressure,151.843,PSI,normal,none
2024-01-01 08:07:50,flow_rate,246.06,L/min,normal,none
2024-01-01 08:07:50,voltage,477.878,V,normal,none
2024-01-01 08:07:50,vibration,0.5,mm/s,attack,freeze
2024-01-01 08:07:55,temperature,318.625,°C,normal,none
2024-01-01 08:07:55,pressure,143.094,PSI,normal,none
2024-01-01 08:07:55,flow_rate,227.878,L/min,normal,none
2024-01-01 08:07:55,voltage,485.467,V,normal,none
2024-01-01 08:07:55,vibration,0.5,mm/s,attack,freeze
2024-01-01 08:08:00,temperature,318.755,°C,normal,none
2024-01-01 08:08:00,pressure,151.73,PSI,normal,none
2024-01-01 08:08:00,flow_rate,242.49,L/min,normal,none
2024-01-01 08:08:00,voltage,492.316,V,normal,none
2024-01-01 08:08:00,vibration,0.556,mm/s,normal,none
2024-01-01 08:08:05,temperature,319.36,°C,normal,none
2024-01-01 08:08:05,pressure,147.133,PSI,normal,none
2024-01-01 08:08:05,flow_rate,202.207,L/min,attack,spike
2024-01-01 08:08:05,voltage,480.814,V,normal,none
2024-01-01 08:08:05,vibration,0.462,mm/s,normal,none
2024-01-01 08:08:10,temperature,312.889,°C,normal,none
2024-01-01 08:08:10,pressure,148.06,PSI,normal,none
2024-01-01 08:08:10,flow_rate,231.348,L/min,normal,none
2024-01-01 08:08:10,voltage,486.749,V,normal,none
2024-01-01 08:08:10,vibration,0.5,mm/s,attack,freeze
2024-01-01 08:08:15,temperature,319.96,°C,normal,none
2024-01-01 08:08:15,pressure,154.44,PSI,normal,none
2024-01-01 08:08:15,flow_rate,240.619,L/min,normal,none
2024-01-01 08:08:15,voltage,476.555,V,normal,none
2024-01-01 08:08:15,vibration,0.576,mm/s,normal,none
2024-01-01 08:08:20,temperature,322.695,°C,normal,none
2024-01-01 08:08:20,pressure,146.888,PSI,normal,none
2024-01-01 08:08:20,flow_rate,238.477,L/min,normal,none
2024-01-01 08:08:20,voltage,476.498,V,normal,none
2024-01-01 08:08:20,vibration,0.431,mm/s,normal,none
2024-01-01 08:08:25,temperature,324.631,°C,normal,none
2024-01-01 08:08:25,pressure,155.728,PSI,normal,none
2024-01-01 08:08:25,flow_rate,274.869,L/min,attack,spike
2024-01-01 08:08:25,voltage,482.252,V,normal,none
2024-01-01 08:08:25,vibration,0.467,mm/s,normal,none
2024-01-01 08:08:30,temperature,317.564,°C,normal,none
2024-01-01 08:08:30,pressure,148.223,PSI,normal,none
2024-01-01 08:08:30,flow_rate,233.088,L/min,normal,none
2024-01-01 08:08:30,voltage,480.194,V,normal,none
2024-01-01 08:08:30,vibration,0.458,mm/s,normal,none
2024-01-01 08:08:35,temperature,321.352,°C,normal,none
2024-01-01 08:08:35,pressure,149.849,PSI,normal,none
2024-01-01 08:08:35,flow_rate,277.46,L/min,attack,spike
2024-01-01 08:08:35,voltage,476.37,V,normal,none
2024-01-01 08:08:35,vibration,0.613,mm/s,attack,gradual_drift
2024-01-01 08:08:40,temperature,350.461,°C,attack,spike
2024-01-01 08:08:40,pressure,150.0,PSI,attack,freeze
2024-01-01 08:08:40,flow_rate,283.266,L/min,attack,spike
2024-01-01 08:08:40,voltage,480.397,V,normal,none
2024-01-01 08:08:40,vibration,0.538,mm/s,normal,none
2024-01-01 08:08:45,temperature,320.0,°C,attack,freeze
2024-01-01 08:08:45,pressure,166.426,PSI,attack,spike
2024-01-01 08:08:45,flow_rate,234.699,L/min,normal,none
2024-01-01 08:08:45,voltage,482.282,V,normal,none
2024-01-01 08:08:45,vibration,0.462,mm/s,normal,none
2024-01-01 08:08:50,temperature,310.976,°C,normal,none
2024-01-01 08:08:50,pressure,145.117,PSI,normal,none
2024-01-01 08:08:50,flow_rate,194.606,L/min,attack,spike
2024-01-01 08:08:50,voltage,481.039,V,normal,none
2024-01-01 08:08:50,vibration,0.455,mm/s,normal,none
2024-01-01 08:08:55,temperature,323.193,°C,normal,none
2024-01-01 08:08:55,pressure,145.015,PSI,normal,none
2024-01-01 08:08:55,flow_rate,239.471,L/min,normal,none
2024-01-01 08:08:55,voltage,475.156,V,normal,none
2024-01-01 08:08:55,vibration,0.467,mm/s,normal,none
2024-01-01 08:09:00,temperature,320.237,°C,normal,none
2024-01-01 08:09:00,pressure,147.419,PSI,normal,none
2024-01-01 08:09:00,flow_rate,236.924,L/min,normal,none
2024-01-01 08:09:00,voltage,488.794,V,attack,gradual_drift
2024-01-01 08:09:00,vibration,0.471,mm/s,normal,none
2024-01-01 08:09:05,temperature,324.178,°C,normal,none
2024-01-01 08:09:05,pressure,146.611,PSI,normal,none
2024-01-01 08:09:05,flow_rate,194.752,L/min,attack,spike
2024-01-01 08:09:05,voltage,485.766,V,normal,none
2024-01-01 08:09:05,vibration,0.376,mm/s,normal,none
2024-01-01 08:09:10,temperature,316.016,°C,normal,none
2024-01-01 08:09:10,pressure,151.731,PSI,normal,none
2024-01-01 08:09:10,flow_rate,240.0,L/min,attack,freeze
2024-01-01 08:09:10,voltage,481.485,V,normal,none
2024-01-01 08:09:10,vibration,0.47,mm/s,normal,none
2024-01-01 08:09:15,temperature,320.433,°C,normal,none
2024-01-01 08:09:15,pressure,149.533,PSI,normal,none
2024-01-01 08:09:15,flow_rate,249.342,L/min,normal,none
2024-01-01 08:09:15,voltage,481.018,V,normal,none
2024-01-01 08:09:15,vibration,0.517,mm/s,normal,none
2024-01-01 08:09:20,temperature,317.941,°C,normal,none
2024-01-01 08:09:20,pressure,148.537,PSI,normal,none
2024-01-01 08:09:20,flow_rate,236.54,L/min,normal,none
2024-01-01 08:09:20,voltage,481.578,V,normal,none
2024-01-01 08:09:20,vibration,0.479,mm/s,normal,none
2024-01-01 08:09:25,temperature,321.449,°C,normal,none
2024-01-01 08:09:25,pressure,156.226,PSI,normal,none
2024-01-01 08:09:25,flow_rate,286.281,L/min,attack,spike
2024-01-01 08:09:25,voltage,478.696,V,normal,none
2024-01-01 08:09:25,vibration,0.56,mm/s,normal,none
2024-01-01 08:09:30,temperature,317.96,°C,normal,none
2024-01-01 08:09:30,pressure,143.886,PSI,normal,none
2024-01-01 08:09:30,flow_rate,231.935,L/min,normal,none
2024-01-01 08:09:30,voltage,472.517,V,normal,none
2024-01-01 08:09:30,vibration,0.482,mm/s,normal,none
2024-01-01 08:09:35,temperature,320.092,°C,normal,none
2024-01-01 08:09:35,pressure,155.029,PSI,normal,none
2024-01-01 08:09:35,flow_rate,242.615,L/min,normal,none
2024-01-01 08:09:35,voltage,479.124,V,normal,none
2024-01-01 08:09:35,vibration,0.541,mm/s,normal,none
2024-01-01 08:09:40,temperature,308.944,°C,normal,none
2024-01-01 08:09:40,pressure,129.004,PSI,attack,spike
2024-01-01 08:09:40,flow_rate,246.167,L/min,normal,none
2024-01-01 08:09:40,voltage,474.086,V,normal,none
2024-01-01 08:09:40,vibration,0.778,mm/s,attack,spike
2024-01-01 08:09:45,temperature,321.692,°C,normal,none
2024-01-01 08:09:45,pressure,148.754,PSI,normal,none
2024-01-01 08:09:45,flow_rate,245.062,L/min,normal,none
2024-01-01 08:09:45,voltage,489.083,V,normal,none
2024-01-01 08:09:45,vibration,0.509,mm/s,normal,none
2024-01-01 08:09:50,temperature,321.241,°C,normal,none
2024-01-01 08:09:50,pressure,148.622,PSI,normal,none
2024-01-01 08:09:50,flow_rate,233.201,L/min,normal,none
2024-01-01 08:09:50,voltage,483.321,V,normal,none
2024-01-01 08:09:50,vibration,0.762,mm/s,attack,spike
2024-01-01 08:09:55,temperature,320.358,°C,normal,none
2024-01-01 08:09:55,pressure,148.567,PSI,normal,none
2024-01-01 08:09:55,flow_rate,243.832,L/min,normal,none
2024-01-01 08:09:55,voltage,481.335,V,normal,none
2024-01-01 08:09:55,vibration,0.738,mm/s,attack,spike
2024-01-01 08:10:00,temperature,320.0,°C,attack,freeze
2024-01-01 08:10:00,pressure,149.19,PSI,normal,none
2024-01-01 08:10:00,flow_rate,232.17,L/min,normal,none
2024-01-01 08:10:00,voltage,491.696,V,attack,gradual_drift
2024-01-01 08:10:00,vibration,0.636,mm/s,attack,gradual_drift
2024-01-01 08:10:05,temperature,323.785,°C,normal,none
2024-01-01 08:10:05,pressure,147.234,PSI,normal,none
2024-01-01 08:10:05,flow_rate,246.957,L/min,normal,none
2024-01-01 08:10:05,voltage,485.423,V,normal,none
2024-01-01 08:10:05,vibration,0.521,mm/s,normal,none
2024-01-01 08:10:10,temperature,329.384,°C,normal,none
2024-01-01 08:10:10,pressure,147.679,PSI,normal,none
2024-01-01 08:10:10,flow_rate,230.043,L/min,normal,none
2024-01-01 08:10:10,voltage,492.871,V,attack,gradual_drift
2024-01-01 08:10:10,vibration,0.575,mm/s,normal,none
2024-01-01 08:10:15,temperature,323.272,°C,normal,none
2024-01-01 08:10:15,pressure,149.833,PSI,normal,none
2024-01-01 08:10:15,flow_rate,242.24,L/min,normal,none
2024-01-01 08:10:15,voltage,507.365,V,attack,spike
2024-01-01 08:10:15,vibration,0.622,mm/s,normal,none
2024-01-01 08:10:20,temperature,320.646,°C,normal,none
2024-01-01 08:10:20,pressure,150.328,PSI,normal,none
2024-01-01 08:10:20,flow_rate,245.806,L/min,normal,none
2024-01-01 08:10:20,voltage,481.924,V,normal,none
2024-01-01 08:10:20,vibration,0.511,mm/s,normal,none
2024-01-01 08:10:25,temperature,316.048,°C,normal,none
2024-01-01 08:10:25,pressure,151.414,PSI,normal,none
2024-01-01 08:10:25,flow_rate,255.056,L/min,normal,none
2024-01-01 08:10:25,voltage,453.632,V,attack,spike
2024-01-01 08:10:25,vibration,0.58,mm/s,normal,none
2024-01-01 08:10:30,temperature,317.444,°C,normal,none
2024-01-01 08:10:30,pressure,147.031,PSI,normal,none
2024-01-01 08:10:30,flow_rate,238.994,L/min,normal,none
2024-01-01 08:10:30,voltage,480.223,V,normal,none
2024-01-01 08:10:30,vibration,0.555,mm/s,normal,none
2024-01-01 08:10:35,temperature,311.538,°C,normal,none
2024-01-01 08:10:35,pressure,154.589,PSI,normal,none
2024-01-01 08:10:35,flow_rate,238.736,L/min,normal,none
2024-01-01 08:10:35,voltage,478.292,V,normal,none
2024-01-01 08:10:35,vibration,0.449,mm/s,normal,none
2024-01-01 08:10:40,temperature,334.843,°C,attack,gradual_drift
2024-01-01 08:10:40,pressure,152.47,PSI,normal,none
2024-01-01 08:10:40,flow_rate,240.587,L/min,normal,none
2024-01-01 08:10:40,voltage,474.84,V,normal,none
2024-01-01 08:10:40,vibration,0.435,mm/s,normal,none
2024-01-01 08:10:45,temperature,318.321,°C,normal,none
2024-01-01 08:10:45,pressure,155.007,PSI,normal,none
2024-01-01 08:10:45,flow_rate,237.923,L/min,normal,none
2024-01-01 08:10:45,voltage,473.987,V,normal,none
2024-01-01 08:10:45,vibration,0.488,mm/s,normal,none
2024-01-01 08:10:50,temperature,318.636,°C,normal,none
2024-01-01 08:10:50,pressure,141.909,PSI,normal,none
2024-01-01 08:10:50,flow_rate,239.566,L/min,normal,none
2024-01-01 08:10:50,voltage,479.076,V,normal,none
2024-01-01 08:10:50,vibration,0.535,mm/s,normal,none
2024-01-01 08:10:55,temperature,329.245,°C,normal,none
2024-01-01 08:10:55,pressure,153.38,PSI,normal,none
2024-01-01 08:10:55,flow_rate,237.849,L/min,normal,none
2024-01-01 08:10:55,voltage,475.574,V,normal,none
2024-01-01 08:10:55,vibration,0.629,mm/s,normal,none
2024-01-01 08:11:00,temperature,333.32,°C,attack,gradual_drift
2024-01-01 08:11:00,pressure,150.0,PSI,attack,freeze
2024-01-01 08:11:00,flow_rate,240.0,L/min,attack,freeze
2024-01-01 08:11:00,voltage,506.451,V,attack,spike
2024-01-01 08:11:00,vibration,0.493,mm/s,normal,none
2024-01-01 08:11:05,temperature,320.0,°C,attack,freeze
2024-01-01 08:11:05,pressure,148.359,PSI,normal,none
2024-01-01 08:11:05,flow_rate,239.738,L/min,normal,none
2024-01-01 08:11:05,voltage,477.826,V,normal,none
2024-01-01 08:11:05,vibration,0.464,mm/s,normal,none
2024-01-01 08:11:10,temperature,320.532,°C,normal,none
2024-01-01 08:11:10,pressure,149.235,PSI,normal,none
2024-01-01 08:11:10,flow_rate,252.032,L/min,normal,none
2024-01-01 08:11:10,voltage,469.396,V,normal,none
2024-01-01 08:11:10,vibration,0.555,mm/s,normal,none
2024-01-01 08:11:15,temperature,326.23,°C,normal,none
2024-01-01 08:11:15,pressure,143.78,PSI,normal,none
2024-01-01 08:11:15,flow_rate,192.852,L/min,attack,spike
2024-01-01 08:11:15,voltage,478.514,V,normal,none
2024-01-01 08:11:15,vibration,0.43,mm/s,normal,none
2024-01-01 08:11:20,temperature,316.111,°C,normal,none
2024-01-01 08:11:20,pressure,146.668,PSI,normal,none
2024-01-01 08:11:20,flow_rate,267.262,L/min,attack,gradual_drift
2024-01-01 08:11:20,voltage,506.841,V,attack,spike
2024-01-01 08:11:20,vibration,0.754,mm/s,attack,spike
2024-01-01 08:11:25,temperature,323.608,°C,normal,none
2024-01-01 08:11:25,pressure,146.613,PSI,normal,none
2024-01-01 08:11:25,flow_rate,235.804,L/min,normal,none
2024-01-01 08:11:25,voltage,481.957,V,normal,none
2024-01-01 08:11:25,vibration,0.439,mm/s,normal,none
2024-01-01 08:11:30,temperature,323.565,°C,normal,none
2024-01-01 08:11:30,pressure,149.279,PSI,normal,none
2024-01-01 08:11:30,flow_rate,237.001,L/min,normal,none
2024-01-01 08:11:30,voltage,482.844,V,normal,none
2024-01-01 08:11:30,vibration,0.522,mm/s,normal,none
2024-01-01 08:11:35,temperature,318.195,°C,normal,none
2024-01-01 08:11:35,pressure,153.478,PSI,normal,none
2024-01-01 08:11:35,flow_rate,231.351,L/min,normal,none
2024-01-01 08:11:35,voltage,482.464,V,normal,none
2024-01-01 08:11:35,vibration,0.53,mm/s,normal,none
2024-01-01 08:11:40,temperature,318.452,°C,normal,none
2024-01-01 08:11:40,pressure,150.978,PSI,normal,none
2024-01-01 08:11:40,flow_rate,229.991,L/min,normal,none
2024-01-01 08:11:40,voltage,483.696,V,normal,none
2024-01-01 08:11:40,vibration,0.5,mm/s,attack,freeze
2024-01-01 08:11:45,temperature,317.386,°C,normal,none
2024-01-01 08:11:45,pressure,153.147,PSI,normal,none
2024-01-01 08:11:45,flow_rate,234.365,L/min,normal,none
2024-01-01 08:11:45,voltage,474.366,V,normal,none
2024-01-01 08:11:45,vibration,0.422,mm/s,normal,none
2024-01-01 08:11:50,temperature,323.03,°C,normal,none
2024-01-01 08:11:50,pressure,146.159,PSI,normal,none
2024-01-01 08:11:50,flow_rate,254.038,L/min,normal,none
2024-01-01 08:11:50,voltage,480.0,V,attack,freeze
2024-01-01 08:11:50,vibration,0.585,mm/s,normal,none
2024-01-01 08:11:55,temperature,321.055,°C,normal,none
2024-01-01 08:11:55,pressure,149.71,PSI,normal,none
2024-01-01 08:11:55,flow_rate,235.641,L/min,normal,none
2024-01-01 08:11:55,voltage,481.597,V,normal,none
2024-01-01 08:11:55,vibration,0.498,mm/s,normal,none
2024-01-01 08:12:00,temperature,325.517,°C,normal,none
2024-01-01 08:12:00,pressure,150.343,PSI,normal,none
2024-01-01 08:12:00,flow_rate,241.202,L/min,normal,none
2024-01-01 08:12:00,voltage,478.546,V,normal,none
2024-01-01 08:12:00,vibration,0.675,mm/s,attack,gradual_drift
2024-01-01 08:12:05,temperature,321.539,°C,normal,none
2024-01-01 08:12:05,pressure,144.869,PSI,normal,none
2024-01-01 08:12:05,flow_rate,229.215,L/min,normal,none
2024-01-01 08:12:05,voltage,482.973,V,normal,none
2024-01-01 08:12:05,vibration,0.509,mm/s,normal,none
2024-01-01 08:12:10,temperature,319.08,°C,normal,none
2024-01-01 08:12:10,pressure,150.055,PSI,normal,none
2024-01-01 08:12:10,flow_rate,242.781,L/min,normal,none
2024-01-01 08:12:10,voltage,477.841,V,normal,none
2024-01-01 08:12:10,vibration,0.461,mm/s,normal,none
2024-01-01 08:12:15,temperature,320.979,°C,normal,none
2024-01-01 08:12:15,pressure,135.22,PSI,attack,spike
2024-01-01 08:12:15,flow_rate,243.266,L/min,normal,none
2024-01-01 08:12:15,voltage,473.19,V,normal,none
2024-01-01 08:12:15,vibration,0.551,mm/s,normal,none
2024-01-01 08:12:20,temperature,320.0,°C,attack,freeze
2024-01-01 08:12:20,pressure,150.768,PSI,normal,none
2024-01-01 08:12:20,flow_rate,247.862,L/min,normal,none
2024-01-01 08:12:20,voltage,486.662,V,normal,none
2024-01-01 08:12:20,vibration,0.551,mm/s,normal,none
2024-01-01 08:12:25,temperature,310.796,°C,normal,none
2024-01-01 08:12:25,pressure,146.161,PSI,normal,none
2024-01-01 08:12:25,flow_rate,235.001,L/min,normal,none
2024-01-01 08:12:25,voltage,480.104,V,normal,none
2024-01-01 08:12:25,vibration,0.526,mm/s,normal,none
2024-01-01 08:12:30,temperature,316.371,°C,normal,none
2024-01-01 08:12:30,pressure,150.56,PSI,normal,none
2024-01-01 08:12:30,flow_rate,233.957,L/min,normal,none
2024-01-01 08:12:30,voltage,477.554,V,normal,none
2024-01-01 08:12:30,vibration,0.43,mm/s,normal,none
2024-01-01 08:12:35,temperature,315.384,°C,normal,none
2024-01-01 08:12:35,pressure,145.945,PSI,normal,none
2024-01-01 08:12:35,flow_rate,295.214,L/min,attack,spike
2024-01-01 08:12:35,voltage,484.215,V,normal,none
2024-01-01 08:12:35,vibration,0.453,mm/s,normal,none
2024-01-01 08:12:40,temperature,333.162,°C,normal,none
2024-01-01 08:12:40,pressure,156.742,PSI,attack,gradual_drift
2024-01-01 08:12:40,flow_rate,241.479,L/min,normal,none
2024-01-01 08:12:40,voltage,476.567,V,normal,none
2024-01-01 08:12:40,vibration,0.535,mm/s,normal,none
2024-01-01 08:12:45,temperature,317.122,°C,normal,none
2024-01-01 08:12:45,pressure,150.366,PSI,normal,none
2024-01-01 08:12:45,flow_rate,260.481,L/min,normal,none
2024-01-01 08:12:45,voltage,479.616,V,normal,none
2024-01-01 08:12:45,vibration,0.557,mm/s,normal,none
2024-01-01 08:12:50,temperature,316.484,°C,normal,none
2024-01-01 08:12:50,pressure,149.895,PSI,normal,none
2024-01-01 08:12:50,flow_rate,254.166,L/min,normal,none
2024-01-01 08:12:50,voltage,477.492,V,normal,none
2024-01-01 08:12:50,vibration,0.591,mm/s,normal,none
2024-01-01 08:12:55,temperature,323.539,°C,normal,none
2024-01-01 08:12:55,pressure,148.313,PSI,normal,none
2024-01-01 08:12:55,flow_rate,245.059,L/min,normal,none
2024-01-01 08:12:55,voltage,483.89,V,normal,none
2024-01-01 08:12:55,vibration,0.254,mm/s,attack,spike
2024-01-01 08:13:00,temperature,312.149,°C,normal,none
2024-01-01 08:13:00,pressure,156.814,PSI,attack,gradual_drift
2024-01-01 08:13:00,flow_rate,238.02,L/min,normal,none
2024-01-01 08:13:00,voltage,479.702,V,normal,none
2024-01-01 08:13:00,vibration,0.531,mm/s,normal,none
2024-01-01 08:13:05,temperature,320.889,°C,normal,none
2024-01-01 08:13:05,pressure,145.994,PSI,normal,none
2024-01-01 08:13:05,flow_rate,243.042,L/min,normal,none
2024-01-01 08:13:05,voltage,482.442,V,normal,none
2024-01-01 08:13:05,vibration,0.528,mm/s,normal,none
2024-01-01 08:13:10,temperature,320.0,°C,attack,freeze
2024-01-01 08:13:10,pressure,152.502,PSI,normal,none
2024-01-01 08:13:10,flow_rate,243.673,L/min,normal,none
2024-01-01 08:13:10,voltage,479.719,V,normal,none
2024-01-01 08:13:10,vibration,0.417,mm/s,normal,none
2024-01-01 08:13:15,temperature,322.148,°C,normal,none
2024-01-01 08:13:15,pressure,150.623,PSI,normal,none
2024-01-01 08:13:15,flow_rate,242.173,L/min,normal,none
2024-01-01 08:13:15,voltage,474.893,V,normal,none
2024-01-01 08:13:15,vibration,0.446,mm/s,normal,none
2024-01-01 08:13:20,temperature,325.266,°C,normal,none
2024-01-01 08:13:20,pressure,149.881,PSI,normal,none
2024-01-01 08:13:20,flow_rate,245.452,L/min,normal,none
2024-01-01 08:13:20,voltage,480.0,V,attack,freeze
2024-01-01 08:13:20,vibration,0.501,mm/s,normal,none
2024-01-01 08:13:25,temperature,320.0,°C,attack,freeze
2024-01-01 08:13:25,pressure,137.545,PSI,attack,spike
2024-01-01 08:13:25,flow_rate,240.769,L/min,normal,none
2024-01-01 08:13:25,voltage,478.151,V,normal,none
2024-01-01 08:13:25,vibration,0.478,mm/s,normal,none
2024-01-01 08:13:30,temperature,318.454,°C,normal,none
2024-01-01 08:13:30,pressure,150.666,PSI,normal,none
2024-01-01 08:13:30,flow_rate,236.17,L/min,normal,none
2024-01-01 08:13:30,voltage,485.023,V,normal,none
2024-01-01 08:13:30,vibration,0.455,mm/s,normal,none
2024-01-01 08:13:35,temperature,319.066,°C,normal,none
2024-01-01 08:13:35,pressure,148.681,PSI,normal,none
2024-01-01 08:13:35,flow_rate,251.576,L/min,normal,none
2024-01-01 08:13:35,voltage,480.786,V,normal,none
2024-01-01 08:13:35,vibration,0.552,mm/s,normal,none
2024-01-01 08:13:40,temperature,312.572,°C,normal,none
2024-01-01 08:13:40,pressure,150.801,PSI,normal,none
2024-01-01 08:13:40,flow_rate,247.117,L/min,normal,none
2024-01-01 08:13:40,voltage,480.329,V,normal,none
2024-01-01 08:13:40,vibration,0.298,mm/s,attack,spike
2024-01-01 08:13:45,temperature,317.414,°C,normal,none
2024-01-01 08:13:45,pressure,154.228,PSI,normal,none
2024-01-01 08:13:45,flow_rate,258.391,L/min,normal,none
2024-01-01 08:13:45,voltage,478.549,V,normal,none
2024-01-01 08:13:45,vibration,0.642,mm/s,attack,gradual_drift
2024-01-01 08:13:50,temperature,346.724,°C,attack,spike
2024-01-01 08:13:50,pressure,154.739,PSI,normal,none
2024-01-01 08:13:50,flow_rate,235.817,L/min,normal,none
2024-01-01 08:13:50,voltage,478.319,V,normal,none
2024-01-01 08:13:50,vibration,0.486,mm/s,normal,none
2024-01-01 08:13:55,temperature,313.278,°C,normal,none
2024-01-01 08:13:55,pressure,147.244,PSI,normal,none
2024-01-01 08:13:55,flow_rate,231.967,L/min,normal,none
2024-01-01 08:13:55,voltage,476.929,V,normal,none
2024-01-01 08:13:55,vibration,0.498,mm/s,normal,none
2024-01-01 08:14:00,temperature,321.171,°C,normal,none
2024-01-01 08:14:00,pressure,150.0,PSI,attack,freeze
2024-01-01 08:14:00,flow_rate,232.013,L/min,normal,none
2024-01-01 08:14:00,voltage,483.937,V,normal,none
2024-01-01 08:14:00,vibration,0.691,mm/s,attack,gradual_drift
2024-01-01 08:14:05,temperature,349.124,°C,attack,spike
2024-01-01 08:14:05,pressure,150.0,PSI,attack,freeze
2024-01-01 08:14:05,flow_rate,231.018,L/min,normal,none
2024-01-01 08:14:05,voltage,481.53,V,normal,none
2024-01-01 08:14:05,vibration,0.508,mm/s,normal,none
2024-01-01 08:14:10,temperature,322.462,°C,normal,none
2024-01-01 08:14:10,pressure,150.868,PSI,normal,none
2024-01-01 08:14:10,flow_rate,259.642,L/min,normal,none
2024-01-01 08:14:10,voltage,477.449,V,normal,none
2024-01-01 08:14:10,vibration,0.473,mm/s,normal,none
2024-01-01 08:14:15,temperature,316.884,°C,normal,none
2024-01-01 08:14:15,pressure,159.905,PSI,attack,gradual_drift
2024-01-01 08:14:15,flow_rate,234.901,L/min,normal,none
2024-01-01 08:14:15,voltage,484.756,V,normal,none
2024-01-01 08:14:15,vibration,0.571,mm/s,normal,none
2024-01-01 08:14:20,temperature,317.146,°C,normal,none
2024-01-01 08:14:20,pressure,147.503,PSI,normal,none
2024-01-01 08:14:20,flow_rate,243.771,L/min,normal,none
2024-01-01 08:14:20,voltage,477.791,V,normal,none
2024-01-01 08:14:20,vibration,0.532,mm/s,normal,none
2024-01-01 08:14:25,temperature,320.0,°C,attack,freeze
2024-01-01 08:14:25,pressure,145.453,PSI,normal,none
2024-01-01 08:14:25,flow_rate,252.38,L/min,normal,none
2024-01-01 08:14:25,voltage,487.184,V,normal,none
2024-01-01 08:14:25,vibration,0.469,mm/s,normal,none
2024-01-01 08:14:30,temperature,318.061,°C,normal,none
2024-01-01 08:14:30,pressure,134.113,PSI,attack,spike
2024-01-01 08:14:30,flow_rate,242.676,L/min,normal,none
2024-01-01 08:14:30,voltage,482.634,V,normal,none
2024-01-01 08:14:30,vibration,0.801,mm/s,attack,spike
2024-01-01 08:14:35,temperature,319.115,°C,normal,none
2024-01-01 08:14:35,pressure,147.605,PSI,normal,none
2024-01-01 08:14:35,flow_rate,228.965,L/min,normal,none
2024-01-01 08:14:35,voltage,477.076,V,normal,none
2024-01-01 08:14:35,vibration,0.498,mm/s,normal,none
2024-01-01 08:14:40,temperature,320.0,°C,attack,freeze
2024-01-01 08:14:40,pressure,148.447,PSI,normal,none
2024-01-01 08:14:40,flow_rate,241.79,L/min,normal,none
2024-01-01 08:14:40,voltage,479.934,V,normal,none
2024-01-01 08:14:40,vibration,0.559,mm/s,normal,none
2024-01-01 08:14:45,temperature,332.635,°C,normal,none
2024-01-01 08:14:45,pressure,148.407,PSI,normal,none
2024-01-01 08:14:45,flow_rate,261.881,L/min,attack,gradual_drift
2024-01-01 08:14:45,voltage,484.177,V,normal,none
2024-01-01 08:14:45,vibration,0.534,mm/s,normal,none
2024-01-01 08:14:50,temperature,329.234,°C,normal,none
2024-01-01 08:14:50,pressure,151.752,PSI,normal,none
2024-01-01 08:14:50,flow_rate,237.126,L/min,normal,none
2024-01-01 08:14:50,voltage,482.363,V,normal,none
2024-01-01 08:14:50,vibration,0.555,mm/s,normal,none
2024-01-01 08:14:55,temperature,324.102,°C,normal,none
2024-01-01 08:14:55,pressure,160.977,PSI,attack,gradual_drift
2024-01-01 08:14:55,flow_rate,248.533,L/min,normal,none
2024-01-01 08:14:55,voltage,484.677,V,normal,none
2024-01-01 08:14:55,vibration,0.569,mm/s,normal,none
2024-01-01 08:15:00,temperature,323.244,°C,normal,none
2024-01-01 08:15:00,pressure,149.499,PSI,normal,none
2024-01-01 08:15:00,flow_rate,273.67,L/min,attack,spike
2024-01-01 08:15:00,voltage,484.826,V,normal,none
2024-01-01 08:15:00,vibration,0.459,mm/s,normal,none
2024-01-01 08:15:05,temperature,332.151,°C,attack,gradual_drift
2024-01-01 08:15:05,pressure,148.82,PSI,normal,none
2024-01-01 08:15:05,flow_rate,240.23,L/min,normal,none
2024-01-01 08:15:05,voltage,485.114,V,normal,none
2024-01-01 08:15:05,vibration,0.51,mm/s,normal,none
2024-01-01 08:15:10,temperature,320.232,°C,normal,none
2024-01-01 08:15:10,pressure,145.92,PSI,normal,none
2024-01-01 08:15:10,flow_rate,204.222,L/min,attack,spike
2024-01-01 08:15:10,voltage,482.582,V,normal,none
2024-01-01 08:15:10,vibration,0.608,mm/s,normal,none
2024-01-01 08:15:15,temperature,318.461,°C,normal,none
2024-01-01 08:15:15,pressure,150.657,PSI,normal,none
2024-01-01 08:15:15,flow_rate,241.995,L/min,normal,none
2024-01-01 08:15:15,voltage,486.31,V,normal,none
2024-01-01 08:15:15,vibration,0.495,mm/s,normal,none
2024-01-01 08:15:20,temperature,321.395,°C,normal,none
2024-01-01 08:15:20,pressure,150.0,PSI,attack,freeze
2024-01-01 08:15:20,flow_rate,266.856,L/min,attack,gradual_drift
2024-01-01 08:15:20,voltage,478.214,V,normal,none
2024-01-01 08:15:20,vibration,0.51,mm/s,normal,none
2024-01-01 08:15:25,temperature,320.0,°C,attack,freeze
2024-01-01 08:15:25,pressure,146.92,PSI,normal,none
2024-01-01 08:15:25,flow_rate,294.688,L/min,attack,spike
2024-01-01 08:15:25,voltage,477.2,V,normal,none
2024-01-01 08:15:25,vibration,0.56,mm/s,normal,none
2024-01-01 08:15:30,temperature,312.384,°C,normal,none
2024-01-01 08:15:30,pressure,150.0,PSI,attack,freeze
2024-01-01 08:15:30,flow_rate,243.018,L/min,normal,none
2024-01-01 08:15:30,voltage,486.262,V,normal,none
2024-01-01 08:15:30,vibration,0.497,mm/s,normal,none
2024-01-01 08:15:35,temperature,317.224,°C,normal,none
2024-01-01 08:15:35,pressure,155.643,PSI,normal,none
2024-01-01 08:15:35,flow_rate,228.416,L/min,normal,none
2024-01-01 08:15:35,voltage,471.205,V,normal,none
2024-01-01 08:15:35,vibration,0.604,mm/s,attack,gradual_drift
2024-01-01 08:15:40,temperature,348.636,°C,attack,spike
2024-01-01 08:15:40,pressure,146.936,PSI,normal,none
2024-01-01 08:15:40,flow_rate,245.667,L/min,normal,none
2024-01-01 08:15:40,voltage,480.975,V,normal,none
2024-01-01 08:15:40,vibration,0.726,mm/s,attack,spike
2024-01-01 08:15:45,temperature,313.598,°C,normal,none
2024-01-01 08:15:45,pressure,152.617,PSI,normal,none
2024-01-01 08:15:45,flow_rate,245.202,L/min,normal,none
2024-01-01 08:15:45,voltage,479.603,V,normal,none
2024-01-01 08:15:45,vibration,0.592,mm/s,normal,none
2024-01-01 08:15:50,temperature,320.0,°C,attack,freeze
2024-01-01 08:15:50,pressure,145.423,PSI,normal,none
2024-01-01 08:15:50,flow_rate,234.465,L/min,normal,none
2024-01-01 08:15:50,voltage,479.818,V,normal,none
2024-01-01 08:15:50,vibration,0.512,mm/s,normal,none
2024-01-01 08:15:55,temperature,318.794,°C,normal,none
2024-01-01 08:15:55,pressure,151.056,PSI,normal,none
2024-01-01 08:15:55,flow_rate,229.988,L/min,normal,none
2024-01-01 08:15:55,voltage,485.775,V,normal,none
2024-01-01 08:15:55,vibration,0.619,mm/s,attack,gradual_drift
2024-01-01 08:16:00,temperature,325.586,°C,normal,none
2024-01-01 08:16:00,pressure,151.028,PSI,normal,none
2024-01-01 08:16:00,flow_rate,243.654,L/min,normal,none
2024-01-01 08:16:00,voltage,482.279,V,normal,none
2024-01-01 08:16:00,vibration,0.262,mm/s,attack,spike
2024-01-01 08:16:05,temperature,323.214,°C,normal,none
2024-01-01 08:16:05,pressure,153.987,PSI,normal,none
2024-01-01 08:16:05,flow_rate,241.572,L/min,normal,none
2024-01-01 08:16:05,voltage,491.953,V,attack,gradual_drift
2024-01-01 08:16:05,vibration,0.496,mm/s,normal,none
2024-01-01 08:16:10,temperature,327.201,°C,normal,none
2024-01-01 08:16:10,pressure,147.971,PSI,normal,none
2024-01-01 08:16:10,flow_rate,254.408,L/min,normal,none
2024-01-01 08:16:10,voltage,479.839,V,normal,none
2024-01-01 08:16:10,vibration,0.428,mm/s,normal,none
2024-01-01 08:16:15,temperature,320.641,°C,normal,none
2024-01-01 08:16:15,pressure,147.957,PSI,normal,none
2024-01-01 08:16:15,flow_rate,246.725,L/min,normal,none
2024-01-01 08:16:15,voltage,477.39,V,normal,none
2024-01-01 08:16:15,vibration,0.5,mm/s,attack,freeze
2024-01-01 08:16:20,temperature,310.552,°C,normal,none
2024-01-01 08:16:20,pressure,148.643,PSI,normal,none
2024-01-01 08:16:20,flow_rate,220.609,L/min,normal,none
2024-01-01 08:16:20,voltage,473.664,V,normal,none
2024-01-01 08:16:20,vibration,0.5,mm/s,attack,freeze
2024-01-01 08:16:25,temperature,323.929,°C,normal,none
2024-01-01 08:16:25,pressure,150.0,PSI,attack,freeze
2024-01-01 08:16:25,flow_rate,283.105,L/min,attack,spike
2024-01-01 08:16:25,voltage,479.809,V,normal,none
2024-01-01 08:16:25,vibration,0.5,mm/s,normal,none
2024-01-01 08:16:30,temperature,314.208,°C,normal,none
2024-01-01 08:16:30,pressure,154.51,PSI,normal,none
2024-01-01 08:16:30,flow_rate,247.019,L/min,normal,none
2024-01-01 08:16:30,voltage,479.116,V,normal,none
2024-01-01 08:16:30,vibration,0.501,mm/s,normal,none
2024-01-01 08:16:35,temperature,321.042,°C,normal,none
2024-01-01 08:16:35,pressure,143.875,PSI,normal,none
2024-01-01 08:16:35,flow_rate,295.577,L/min,attack,spike
2024-01-01 08:16:35,voltage,489.38,V,attack,gradual_drift
2024-01-01 08:16:35,vibration,0.45,mm/s,normal,none
2024-01-01 08:16:40,temperature,318.594,°C,normal,none
2024-01-01 08:16:40,pressure,155.393,PSI,normal,none
2024-01-01 08:16:40,flow_rate,245.127,L/min,normal,none
2024-01-01 08:16:40,voltage,477.715,V,normal,none
2024-01-01 08:16:40,vibration,0.529,mm/s,normal,none
